name,addr_lot,rating_score,rating_num,note,addr_load
17도씨,(지번) 동교동 154-25,,,,서울 마포구 양화로19길 22-16 유티엘동교빌딩 1층
180커피로스터스,,,,editorPick,경기 성남시 분당구 문정로144번길 4 (율동)
1984,(지번) 동교동 158-24,3.3,104건,,서울 마포구 동교로 194 혜원빌딩 1층
33아파트먼트,,,,editorPick,서울 용산구 한남대로27길 33 1층 (한남동)
47625 coffee,(지번) 서교동 476-25,4.3,6건,,서울 마포구 월드컵로10길 9 유삼빌딩 1층
502커피로스터스 역삼점,,,,editorPick,서울 강남구 테헤란로 142 캐피탈타워 1층 (역삼동)
604,(지번) 망원동 338-78,4.6,71건,,서울 마포구 동교로 49 정하빌딩 1층
943킹스크로스,(지번) 서교동 369-1,4.1,400건,,"서울 마포구 양화로16길 24 지하1층, 1~4층"
CSB라운지,,,,editorPick,부산 수영구 광남로 14 (남천동)
Dessert Merlion,(지번) 서교동 346-20,4.5,61건,,서울 마포구 와우산로27길 75 2층
Disco bolos,(지번) 합정동 433-4,4.5,23건,,서울 마포구 동교로 42 1층
EOD,(지번) 상수동 92-2,4.0,2건,,서울 마포구 와우산로 51-9 2층
FM커피하우스 1호점,,,,editorPick,부산 부산진구 전포대로199번길 26 (전포동)
M1CT,(지번) 망원동 457-51,4.4,47건,,서울 마포구 희우정로15길 13 1층
TXT커피,,,,editorPick,서울 종로구 창덕궁길 121 (원서동)
Uig,(지번) 망원동 420-4,4.0,44건,,서울 마포구 망원로3길 7 1-2층
WON커피,(지번) 서교동 366-7,4.8,4건,,"서울 마포구 잔다리로6길 20-9 로이스퀘어 지하1층, 1층"
W카페,(지번) 동교동 200-18,2.4,19건,,서울 마포구 동교로25길 16
YM커피프로젝트,,,,editorPick,서울 은평구 연서로29길 21-8 1층 (갈현동)
heod 합정,(지번) 합정동 360-17,,,,서울 마포구 독막로8길 30 태양빌딩 1층
ㅎㄷ카페,(지번) 서교동 363-17,3.5,15건,,서울 마포구 어울마당로 68 3-9층
가배두림 합정점,(지번) 합정동 391-24,2.6,7건,,서울 마포구 월드컵로3길 54 1층
강변서재,,,,editorPick,서울 영등포구 의사당대로 1 2층 (여의도동)
강원 인제군 남면 설악로 1277,,,,editorPick,남전리 산 226-13
갤러리몸&카페24,(지번) 서교동 490,5.0,1건,,서울 마포구 양화로 45 메세나폴리스 몰동 1층 179호
겨울이머무는집,(지번) 서교동 409-18,3.1,78건,,서울 마포구 와우산로17길 19-5 1층
고망고 망원점,(지번) 망원동 57-91,4.2,20건,,서울 마포구 월드컵로13길 40 1층 1호
고슴도치 티라미수,(지번) 합정동 457-3,4.5,13건,,서울 마포구 희우정로5길 29 1층 102호
고양이다락방 홍대점,(지번) 동교동 162-14,,,,서울 마포구 홍익로6길 21 3층
고양이당,(지번) 망원동 57-371,,,,서울 마포구 월드컵로21길 14 지하1층
고즈넉,(지번) 합정동 428-34,5.0,3건,,서울 마포구 월드컵로7길 38 지1층
골드마인커피,,,,editorPick,서울 마포구 마포대로4라길 25 1층 (도화동)
골든크레마,(지번) 동교동 164-13,2.3,41건,,"서울 마포구 어울마당로 121 2,3,4층"
골든트리,,,,editorPick,경기 가평군 가평읍 북한강변로 326-124 (가평읍 금대리)
공상온도,(지번) 동교동 203-11,4.0,85건,,서울 마포구 동교로23길 40 지하 1층
공차 합정교보문고점,(지번) 합정동 473,4.0,12건,,서울 마포구 월드컵로3길 14 딜라이트스퀘어2차 지하1층 137호
공차 홍대서교점,(지번) 서교동 403-14,4.0,11건,,서울 마포구 어울마당로 49 1층
광합성카페,(지번) 망원동 57-36,4.1,76건,,서울 마포구 월드컵로19길 8 1층
교시커피,(지번) 서교동 391-8,5.0,2건,,서울 마포구 양화로11길 31
구스커피앤바,(지번) 망원동 57-112,4.5,38건,,서울 마포구 월드컵로17길 56 1층
구테로이테,,,,editorPick,서울 강남구 선릉로131길 16 1층 (논현동)
구황작물,(지번) 망원동 394-109,4.2,33건,,서울 마포구 동교로 27-8 1층 101호
굿애프터눈 합정점,(지번) 합정동 473,4.3,9건,,서울 마포구 월드컵로3길 14 딜라이트스퀘어2차 1층 120호
그러므로,,,,editorPick,제주 제주시 구남동6길 45 (이도2동)
그러므로 파트2,,,,editorPick,제주 제주시 수목원길 16-14 (노형동)
그레이그리스트밀,,,,editorPick,서울 강남구 압구정로2길 15 신사아이빌 지하1층 103호 (신사동)
그레이랩,(지번) 합정동 367-9,4.0,81건,,서울 마포구 토정로3길 16 1층
그로잉,(지번) 서교동 460-34,5.0,26건,,서울 마포구 동교로19길 21 1층
금옥당 서교점,(지번) 서교동 402-18,3.8,47건,,서울 마포구 어울마당로 39 1층
기미사,,,,editorPick,"서울 성동구 성수이로26길 47 지하1, 1층 (성수동2가)"
김밥카페하임,(지번) 망원동 517,3.9,14건,,서울 마포구 월드컵로25길 26
깊이,(지번) 서교동 384-14,4.3,19건,,서울 마포구 양화로11길 60 1층
까사벨라즈,(지번) 합정동 358-2,4.7,23건,,서울 마포구 독막로8길 27 1층
나무사이로,,,,editorPick,서울 종로구 사직로8길 21 1층 (내자동)
나인나인,(지번) 서교동 370-12,4.1,7건,,서울 마포구 양화로16길 14-16 엘케이빌딩 1층
낙하산커피,,,,editorPick,서울 용산구 한강대로46길 25 1층 101호 (한강로2가)
날쌘카페 합정점,(지번) 서교동 494,5.0,6건,,서울 마포구 양화로 72 효성해링턴타워 1층 114호
냐냐냥 그릭요거트,(지번) 서교동 494,4.6,10건,,서울 마포구 양화로 72 효성해링턴타워 1층 113호
넉커피,(지번) 합정동 371-4,4.7,6건,,서울 마포구 성지길 25-20 1층
네임이즈마빈,(지번) 서교동 5-3,4.9,22건,,서울 마포구 월드컵로20길 6 1층
노란코끼리 합정점,(지번) 합정동 392-1,4.9,14건,,서울 마포구 양화로1길 31 우진빌딩 1층 101호
노머글 얼라우드,(지번) 서교동 394-75,4.7,3건,,서울 마포구 양화로8길 16-22 2층
노피디네콩볶는집,(지번) 서교동 395-135,4.8,9건,,서울 마포구 잔다리로3길 31 1층
논스케일드,(지번) 합정동 427-4,4.9,8건,,서울 마포구 월드컵로 51 1층
눈내리는숲 설래임 홍대본점,(지번) 서교동 408-9,4.5,30건,,서울 마포구 어울마당로 54 대호빌딩 1층
니어커피컴퍼니,,,,editorPick,서울 금천구 시흥대로 291 상가 west동 1층 114호 (독산동)
다다랩,(지번) 망원동 376-9,4.4,87건,,서울 마포구 월드컵로15길 17 지하
다밍,(지번) 서교동 397-2,5.0,1건,,서울 마포구 어울마당로5길 42-5 2층
다스이스트프로밧,(지번) 합정동 362-3,4.4,36건,,서울 마포구 독막로8길 16
다이어커피,,,,editorPick,충북 청주시 상당구 대성로 86 1층 (문화동)
다크에디션커피,,,,editorPick,서울 서대문구 연희로11마길 12 1층 (연희동)
단고당,(지번) 망원동 485-9,4.3,49건,,"서울 마포구 망원로10길 3 1, 2층"
달로아,(지번) 망원동 57-39,5.0,6건,,서울 마포구 월드컵로19길 16 1층
달리,(지번) 합정동 410-10,4.3,14건,,서울 마포구 양화로6길 86 2층
달의계단,(지번) 서교동 347-19,3.5,30건,,서울 마포구 와우산로27길 74
달콤한거짓말,(지번) 상수동 317-11,4.2,122건,,서울 마포구 독막로 61-4
닷큐먼트,(지번) 서교동 394-82,4.8,15건,,서울 마포구 양화로8길 16-9 1층
당고집,(지번) 합정동 356-9,3.5,107건,,서울 마포구 어울마당로3길 5 1층
당인리책발전소,(지번) 서교동 475-26,3.8,106건,,"서울 마포구 월드컵로14길 10-8 지하층 ,1층"
대루커피,(지번) 합정동 428-4,4.5,56건,,서울 마포구 동교로 70 소와소빌딩 1층
대충유원지,(지번) 연남동 570-28,4.1,80건,,서울 마포구 월드컵북로6길 37 1층
더귀여워,(지번) 서교동 408-27,,,,서울 마포구 어울마당로 44-1 라꼼마빌딩 2층
더대단한커피&대단한탕후루&대단한요거트 홍대점,(지번) 서교동 357-1,3.4,5건,,서울 마포구 홍익로3길 20 서교오피스텔 1층 111호
더블유오앤,(지번) 서교동 366-7,3.1,29건,,"서울 마포구 잔다리로6길 20-9 로이스퀘어 지하1층,1층"
더빈마켓 성산점,(지번) 성산동 250-52,4.5,21건,,서울 마포구 성미산로 21-1 제일빌딩 1층
더세임,(지번) 합정동 398-21,4.5,13건,,서울 마포구 희우정로1길 6-3 1-2층
더지베이커리,(지번) 망원동 338-4,4.8,10건,,서울 마포구 월드컵로11길 65 1층
더페이머스램,(지번) 서교동 442-28,4.9,37건,,서울 마포구 월드컵로14길 13
덕희커피,(지번) 합정동 370-33,4.9,44건,,서울 마포구 성지5길 17 1층
덤앤더머 홍대점,(지번) 서교동 404-5,4.7,229건,,서울 마포구 독막로7길 48 5층
데우스 카페 홍대점,(지번) 서교동 408-10,5.0,5건,,서울 마포구 와우산로17길 19-12 2층
데이포레코드,(지번) 서교동 399-27,4.7,7건,,서울 마포구 양화로6길 57-10 2층
데코아발림,(지번) 상수동 311-4,4.4,89건,,서울 마포구 독막로15길 13-6 1층
델문도,(지번) 서교동 405-15,2.8,71건,,서울 마포구 잔다리로 19-6 2층
뎀셀브즈,(지번) 합정동 367-10,5.0,1건,,서울 마포구 토정로3안길 3
도카,(지번) 서교동 473-8,4.4,12건,,서울 마포구 월드컵로14길 33 엘림하우스 1층
도쿄빙수 본점,(지번) 망원동 414-56,4.1,130건,,서울 마포구 포은로8길 9 1층
도파민,(지번) 망원동 375-3,4.9,16건,,서울 마포구 월드컵로15길 22
도피오로스터리,,,,editorPick,서울 서초구 사평대로55길 29 1층 (반포동)
드롭탑 홍대점,(지번) 서교동 403-17,2.1,15건,,서울 마포구 어울마당로 45-1 동지빌딩 1층
디벙크,(지번) 합정동 366-1,4.0,130건,,서울 마포구 성지1길 30 더보이드빌딩 지하1층
디스코플래닛,(지번) 서교동 463-32,4.7,34건,,서울 마포구 동교로 144-13 명지빌딩 1층
디어마이뮤즈,(지번) 서교동 395-186,4.0,1건,,서울 마포구 독막로3길 41
디저트39 합정역점,(지번) 합정동 413-13,3.0,3건,,"서울 마포구 독막로 23-4 1,2층"
디폴트밸류,,,,editorPick,서울 서대문구 성산로 333 (연희동)
딥띵커,(지번) 서교동 395-17,5.0,7건,,서울 마포구 잔다리로 23 4층
딥블루레이크,(지번) 망원동 411-12,4.0,221건,editorPick,서울 마포구 포은로6길 11
딥블루레이크,(지번) 망원동 455-3,4.5,11건,editorPick,서울 마포구 희우정로 117-1 1층
딥커피,(지번) 동교동 199-2,3.3,58건,,서울 마포구 동교로 209 1층
땡스네이쳐,(지번) 서교동 486,4.2,96건,,서울 마포구 홍익로 10 푸르지오상가 지하1층 121호
라뚜셩트베이커리,(지번) 망원동 411-8,3.6,48건,,"서울 마포구 포은로8길 20 1,2층"
라뽀즈,(지번) 합정동 412-2,4.2,66건,,서울 마포구 양화로6길 60 1층
라운지 클라리멘토,(지번) 서교동 379-9,4.7,24건,,"서울 마포구 잔다리로7안길 18 두비스빌딩 1층, 지하1층"
랑데자뷰 영종구읍뱃터,,,,editorPick,인천 중구 은하수로 1 8층 (중산동)
레드플랜트,(지번) 서교동 392-15,4.2,63건,,서울 마포구 양화로7길 6
레이즈드베드,(지번) 서교동 395-199,4.2,5건,,"서울 마포구 독막로7길 57 1,2층"
레이지독케이크,(지번) 망원동 414-25,4.7,7건,,서울 마포구 포은로8길 28-6 계단올라와서 1층
로스커피,(지번) 서교동 375-24,4.0,13건,,서울 마포구 동교로18길 33
로스터제임스커피랩,(지번) 망원동 376-14,4.2,31건,,서울 마포구 월드컵로15길 23 호호빌딩 1층
로스팅마스터즈 본점,(지번) 서교동 461-1,4.4,30건,,서울 마포구 동교로 129 형진빌딩 1층
로스팅마스터즈 합정점,(지번) 서교동 382-16,4.6,19건,,서울 마포구 양화로7길 53 1층 101호
로우머,(지번) 망원동 57-179,4.0,78건,,서울 마포구 월드컵로13길 55-26 1층
로우즈(LOWEEZ),(지번) 서교동 247-22,4.5,15건,,서울 마포구 동교로19길 70 101호
로우키,,,,editorPick,서울 성동구 연무장3길 6 (성수동2가)
로우프,(지번) 합정동 393-25,4.3,3건,,서울 마포구 포은로 14
로우필름카페앤갤러리,(지번) 서교동 404-31,4.1,8건,,서울 마포구 독막로7길 44
로잉커피,(지번) 합정동 441-21,4.6,30건,,서울 마포구 동교로 34 2층
로파이,(지번) 서교동 410-5,4.3,20건,,서울 마포구 와우산로15길 16 신한빌딩 1층
로프커피,,,,editorPick,서울 광진구 동일로 304 리코브빌딩 1층 (군자동)
롤링앤필링,(지번) 망원동 386-3,4.6,8건,,서울 마포구 월드컵로 61 삼미빌딩 1층 101호
루아르 합정점,(지번) 합정동 375-28,3.8,9건,,서울 마포구 성지길 22 1층
루아르커피바 망원,(지번) 망원동 386-1,4.1,37건,,"서울 마포구 월드컵로11길 7 1,2층"
루즈도어,(지번) 합정동 433-62,4.0,37건,,서울 마포구 포은로 50 1층
루프캣미 고양이카페 홍대점,(지번) 동교동 162-15,4.8,83건,,서울 마포구 양화로 140 H-cube 지하2층
룰커피,,,,editorPick,서울 서초구 반포대로7길 16 1층 (서초동)
룸엘이스케이프 홍대1호점,(지번) 서교동 395-85,3.9,11건,,서울 마포구 잔다리로 39 로뎀빌딩 지하1층
르메드,(지번) 합정동 434-4,,,,서울 마포구 포은로 46 1층
리드미,(지번) 연남동 567-28,3.7,6건,,서울 마포구 월드컵북로6길 83 1층
리밀앤밀리,(지번) 서교동 375-45,4.4,56건,,서울 마포구 동교로22길 21 1층
리사르커피로스터스,,,,editorPick,서울 강남구 도산대로99길 60 1층 (청담동)
리사르커피로스터스 약수점,,,,editorPick,서울 중구 다산로8길 16-7 1층 (신당동)
리얼이스케이프챌린지,(지번) 서교동 339-5,2.7,10건,,서울 마포구 와우산로27길 21 4층
리얼커피,(지번) 합정동 441-20,,,,서울 마포구 동교로 32-1 1층 101호
리오네,(지번) 망원동 57-42,4.8,12건,,"서울 마포구 월드컵로19길 20 지층, 파티스리 리오네"
리이케커피,,,,editorPick,서울 성북구 보문로34가길 24 1층 (동선동3가)
리파인드카페,(지번) 망원동 57-11,5.0,2건,,"서울 마포구 월드컵로17길 7 1층, 리파인드 카페"
리프커피바,,,,editorPick,서울 송파구 백제고분로43길 24 R&BHaus 1층 101호 (송파동)
리플렉트커피로스터스 로스팅 랩,,,,editorPick,서울 서초구 남부순환로347길 53 1층 104호 (서초동)
릴렉세이션 포인트,,,,editorPick,서울 은평구 연서로3길 12 (역촌동)
마로스쿠키,(지번) 합정동 200-1,4.3,39건,,서울 마포구 토정로 34 펠리스아트빌 1층 101호
마스터키 홍대상수점,(지번) 상수동 317-5,3.4,13건,,서울 마포구 독막로 65-1 상수동오피스텔 지하1층
마이루틴,(지번) 합정동 368-52,4.6,36건,,서울 마포구 토정로 39 1층
마인드비 MIND B,(지번) 서교동 352-29,4.8,17건,,서울 마포구 양화로15길 20 마인드빌딩 1층
마핑파,(지번) 망원동 401-34,4.1,41건,,서울 마포구 포은로 74 2층
만유인력 커피,(지번) 합정동 369-14,4.3,50건,,서울 마포구 성지길 51 1층
말릭,,,,editorPick,서울 마포구 와우산로29바길 20 지하1층 (서교동)
말통커피앤베이글,(지번) 서교동 394-25,4.0,13건,,서울 마포구 양화로 56 동양한강트레벨 지하 103-3호
매개체커피,,,,editorPick,서울 은평구 증산로21길 7-7 1층 (신사동)
매뉴팩트커피 연희본점,,,,editorPick,서울 서대문구 연희로11길 29 2층 (연희동)
맥심1층카페,(지번) 서교동 446-36,5.0,1건,,서울 마포구 월드컵북로5가길 22 맥심빌딩 1층
맥파이앤타이거 성수티룸,,,,editorPick,서울 성동구 성수이로 97 5층 (성수동2가)
머더파커 WOW 홍대점,(지번) 서교동 369-10,5.0,7건,,서울 마포구 잔다리로6길 25 재륜빌딩 3층
머더파커 홍대1호점,(지번) 서교동 405-13,4.8,4건,,서울 마포구 어울마당로 55-4 3층
머씨커피,(지번) 서교동 394-51,4.2,48건,,"서울 마포구 양화로8길 32-10 1,2층"
먼로,(지번) 서교동 396-36,5.0,6건,,서울 마포구 양화로6길 57 3층
메가MGC커피 마포성산점,(지번) 성산동 243-5,4.7,3건,,서울 마포구 성미산로 43 1층
메가MGC커피 망원망리단길점,(지번) 망원동 338-79,2.6,9건,,서울 마포구 동교로 39 1층
메가MGC커피 망원시장점,(지번) 망원동 423-15,3.3,6건,,서울 마포구 망원로 79 1층
메가MGC커피 망원역점,(지번) 망원동 376-7,,,,서울 마포구 동교로9길 49 1층
메가MGC커피 서울성산초점,(지번) 합정동 426-20,2.2,6건,,서울 마포구 월드컵로 37 웰빙센터 1층 102~103호
메가MGC커피 합정역점,(지번) 합정동 414-6,2.9,32건,,서울 마포구 양화로 46-1 1층
메가MGC커피 합정중앙점,(지번) 서교동 392-20,2.4,7건,,서울 마포구 양화로 73 체리스빌딩 1층
메가MGC커피 홍대L7점,(지번) 동교동 161-9,2.0,20건,,서울 마포구 월드컵북로 8 1층
메가MGC커피 홍대서교점,(지번) 서교동 371-1,2.9,15건,,서울 마포구 양화로 116 1층
메가MGC커피 홍대입구역점,(지번) 동교동 164-22,2.9,61건,,서울 마포구 홍익로6길 48 1층
메가MGC커피 홍대점,(지번) 서교동 369-5,2.5,15건,,서울 마포구 잔다리로6길 39 1층
메쉬커피,,,,editorPick,서울 성동구 서울숲길 43 (성수동1가)
메이멜로디,(지번) 망원동 401-21,5.0,15건,,서울 마포구 월드컵로23길 82-3 더봄 1층
메이크베러띵스,(지번) 망원동 57-88,4.9,28건,,서울 마포구 월드컵로17길 37 망리단88 1층
메트로폴리티션,(지번) 합정동 368-41,4.3,3건,,서울 마포구 토정로3안길 28 지하 1층
멜로우,(지번) 서교동 368-7,4.0,24건,,서울 마포구 잔다리로 30-11 1층
멧커피 홍대점,(지번) 서교동 398-5,3.9,39건,,서울 마포구 어울마당로5길 42 2층
모리츠플라츠,(지번) 합정동 357-25,4.2,65건,,서울 마포구 토정로5길 22 1층
모멘트커피,(지번) 동교동 203-30,3.3,67건,,서울 마포구 월드컵북로4길 29 1층
모모라플라워카페,(지번) 합정동 473,4.8,5건,,서울 마포구 월드컵로3길 14 딜라이트스퀘어2차 2층 223호
모모스커피 부산본점,,,,editorPick,부산 금정구 오시게로 20 (부곡동)
모모스커피 영도 로스터리 앤 커피바,,,,editorPick,부산 영도구 봉래나루로 160 1층 (봉래동2가)
모센즈스위트 홍대본점,(지번) 서교동 408-25,4.2,107건,,서울 마포구 와우산로15길 40 1층 102호
모아새,(지번) 망원동 395-17,3.5,98건,,서울 마포구 포은로 71 1층
모에모에큥 메이드카페,(지번) 합정동 361-28,3.6,12건,,서울 마포구 독막로6길 16 2층
모을,(지번) 망원동 57-278,4.4,61건,,서울 마포구 월드컵로19길 71 3층
모파상,(지번) 동교동 153-5,3.4,111건,,서울 마포구 양화로19길 22-13
모펀 서교점,(지번) 서교동 345-8,4.3,11건,,서울 마포구 홍익로2길 7 4층
몰또 이탈리안 에스프레소바 앤 테라스,,,,editorPick,서울 중구 명동길 73 3층 (명동1가)
몽마르뜨언덕위,(지번) 서교동 380-47,5.0,3건,,서울 마포구 잔다리로7길 37
몽카페그레고리,(지번) 합정동 410-11,3.5,75건,,"서울 마포구 양화로6길 84 2, 3층"
무대륙,(지번) 합정동 357-7,3.7,112건,,서울 마포구 토정로5길 12
무슈부부커피스탠드 망원점,,,,editorPick,서울 마포구 망원로 13 1층 (망원동)
미쉐 홍대점,(지번) 서교동 365-17,3.6,5건,,서울 마포구 홍익로3길 35 1층
미스터리룸이스케이프 홍대2호점,(지번) 서교동 398-1,4.4,21건,,서울 마포구 독막로7길 41 2층
미스터리룸이스케이프 홍대점,(지번) 서교동 407-27,2.1,16건,,서울 마포구 잔다리로 5-1 상아빌딩 5층
미아논나,(지번) 망원동 399-9,4.4,11건,,서울 마포구 망원로6길 61 화이트빌 1층 101호
미어캣프랜즈,(지번) 서교동 358-37,2.4,61건,,서울 마포구 와우산로21길 20 2층
미유당,(지번) 합정동 386-8,5.0,1건,,서울 마포구 양화로3길 49 1층
민트하임,(지번) 서교동 366-28,3.7,57건,,서울 마포구 잔다리로6길 28 1층
밀로커피로스터스,,,,editorPick,서울 마포구 양화로18안길 36 1층 (동교동)
바나프레소 합정역점,(지번) 서교동 494,4.0,16건,,서울 마포구 양화로 72 효성해링턴타워 1층 107호
바마셀,,,,editorPick,서울 용산구 원효로89길 12 (원효로1가)
바이러닉 에스프레소바 합정본점,(지번) 합정동 354-22,3.1,24건,,서울 마포구 독막로 46 1층
바이앤드커피,(지번) 서교동 404-5,4.9,14건,,서울 마포구 독막로7길 48 1층 바이앤드커피
반지만들기공방 홍대반지카페,(지번) 서교동 366-13,,,,서울 마포구 잔다리로6길 40-6 3층
반지캠퍼스카페,(지번) 서교동 345-16,5.0,6건,,서울 마포구 어울마당로 112-6
밤부베이커리&브루잉,(지번) 합정동 386-11,3.5,83건,,서울 마포구 월드컵로5길 33-23
백억커피 망원점,(지번) 합정동 449-5,3.4,5건,,서울 마포구 동교로 20
버블룸,(지번) 합정동 441-5,4.9,88건,,서울 마포구 동교로 30 우진베스트 1층 101호
버터크림팩토리,(지번) 망원동 479-6,4.8,33건,,서울 마포구 망원로11길 41 1층 102호
번트오렌지,(지번) 합정동 360-1,4.0,12건,,서울 마포구 독막로6길 27 1층
벙커컴퍼니,,,,editorPick,"경기 하남시 하남대로249번길 16-16 1,2층 (상산곡동)"
벙커컴퍼니 압구정점,,,,editorPick,"서울 강남구 언주로167길 23 1, 2층 (신사동)"
베니케이크,(지번) 상수동 311-6,4.2,44건,,서울 마포구 독막로15길 17
베르,(지번) 망원동 57-65,5.0,6건,,서울 마포구 월드컵로19길 25-1 2층
베르크로스터스,,,,editorPick,부산 부산진구 서전로58번길 115 1층 (전포동)
베이크샵하벳,(지번) 망원동 57-108,,,,서울 마포구 월드컵로17길 64 2층
벤티프레소 합정역점,(지번) 서교동 378-10,5.0,1건,,서울 마포구 양화로 81 H스퀘어 1층 101호
보난자커피 군자점,,,,editorPick,서울 광진구 능동로 239 B동 1층 (군자동)
보에,(지번) 서교동 460-26,5.0,11건,,서울 마포구 월드컵북로5길 33 1층
보통공원,(지번) 망원동 423-15,4.3,44건,,서울 마포구 망원로 79 3층
복숭아꽃,(지번) 서교동 402-7,4.4,13건,,서울 마포구 양화로6길 99-5
볼베르,(지번) 합정동 427-18,4.5,28건,,서울 마포구 월드컵로 41 2층
뷰클런즈,,,,editorPick,서울 송파구 백제고분로43길 10 1층 (송파동)
브라운시티카페 상수점,(지번) 서교동 403-10,,,,"서울 마포구 어울마당로 41 지하 1층, 1, 2층"
브라운핸즈 창비,(지번) 서교동 475-34,4.2,22건,,서울 마포구 월드컵로12길 7 1층
브레이크아웃이스케이프 홍대점,(지번) 서교동 338-48,4.1,26건,,서울 마포구 와우산로 102 3층
브루클린,(지번) 서교동 395-137,3.6,12건,,서울 마포구 양화로12길 16 더난빌딩 1층
블랙베어도넛 망원점,(지번) 서교동 473-25,,,,서울 마포구 성미산로6길 53 모멘텀빌딩 1층
블랙업커피 해운대점,,,,editorPick,부산 해운대구 중동2로 16 해운대온천센터 1층 (중동)
블러,(지번) 합정동 198-26,4.1,70건,,서울 마포구 토정로 28-10 4층
블루보틀 홍대 카페,(지번) 서교동 354-5,4.1,15건,,서울 마포구 양화로 130 라이즈 호텔 1층
비밀의화원 미드나잇점,(지번) 서교동 400-3,4.7,7건,,서울 마포구 독막로7길 27 3층
비바살롱,(지번) 망원동 400-8,4.2,26건,,서울 마포구 포은로 84 1층
비브레이브 서호점,,,,editorPick,제주특별자치도 서귀포시 신서로48번길 66 (서호동)
비브레이브커피로스터즈,,,,editorPick,제주 서귀포시 서호중앙로 85-13 1층 (서호동)
비일구일구 서울,(지번) 서교동 490,3.8,12건,,서울 마포구 양화로 45 메세나폴리스 1층 B1919Seoul
비캔드,(지번) 망원동 395-11,4.0,36건,,서울 마포구 포은로 71-12
비트포비아 던전101,(지번) 서교동 361-16,4.2,36건,,서울 마포구 와우산로 74 2층
비트포비아 홍대던전점,(지번) 서교동 396-46,3.5,31건,,서울 마포구 독막로3길 30 지하2층
비하인드,(지번) 서교동 404-26,4.3,61건,,서울 마포구 어울마당로5길 18 1층
빈브라더스 커피하우스 서울,(지번) 상수동 354-12,4.2,65건,editorPick,서울 마포구 토정로9길 2 6-7층
빈브라더스 합정,(지번) 합정동 368-3,4.3,183건,,서울 마포구 토정로 35-1
빈즈메이드,(지번) 서교동 477-1,5.0,1건,,서울 마포구 동교로13길 20
빌리프커피로스터스,(지번) 서교동 384-3,3.5,147건,,"서울 마포구 양화로11길 50 해동빌딩 지하1층,1층"
빽다방 망원시장점,(지번) 망원동 375-8,2.7,15건,,서울 마포구 월드컵로13길 34 1층
빽다방 합정역사거리점,(지번) 합정동 373-3,4.4,10건,,서울 마포구 독막로2길 10 1층
빽다방 합정역점,(지번) 합정동 472,3.5,15건,,서울 마포구 월드컵로1길 14 마포한강푸르지오 지하1층 112-1호
빽다방 홍대거리점,(지번) 서교동 366-19,2.5,12건,,서울 마포구 어울마당로 75 1층 1호
빽다방 홍대입구점,(지번) 서교동 346-47,4.3,59건,,서울 마포구 와우산로23길 44 1층
사자드누아,(지번) 합정동 429-63,0.0,0건,,서울 마포구 월드컵로7길 27-11
산리오러버스클럽,(지번) 서교동 364-14,3.9,79건,,"서울 마포구 와우산로19길 18 가동 1,2층"
삼다코지,(지번) 서교동 403-5,3.5,44건,,서울 마포구 독막로9길 34 1층
새검정,(지번) 합정동 366-3,3.7,74건,,서울 마포구 독막로2길 17 1층
샌드스톤커피랩,,,,editorPick,서울 마포구 성미산로23안길 21 1층 (연남동)
샤이고스트,(지번) 합정동 394-23,4.7,10건,,서울 마포구 월드컵로3길 60 1층 101호
서교동398,(지번) 서교동 398-8,3.6,8건,,서울 마포구 어울마당로5길 36 1층
서울리즘,,,,editorPick,"서울 송파구 백제고분로 435 예스빌딩 1,6층 (송파동)"
서울이스케이프룸 홍대2호점,(지번) 서교동 410-9,3.2,17건,,서울 마포구 와우산로17길 11 코스모스빌딩 3층
설빙 서울망원점,(지번) 망원동 377-1,2.8,18건,,서울 마포구 월드컵로 87 마포로얄프라자 2층
설빙 홍대입구역점,(지번) 동교동 162-3,2.4,126건,,서울 마포구 홍익로6길 15 삼주빌딩 2층
세라젬웰카페 서울합정메세나폴리스직영점,(지번) 서교동 490,4.8,59건,,서울 마포구 양화로 45 메세나폴리스 지하1층 B1125호
세컨드 커피,,,,editorPick,서울 종로구 율곡로10길 16 1층 (와룡동)
센터커피 서울숲점,,,,editorPick,서울 성동구 서울숲2길 28-11 1층 (성수동1가)
셉트,(지번) 서교동 386-3,4.4,36건,,서울 마포구 양화로11길 41 1층
소금방,(지번) 합정동 433-5,,,,서울 마포구 동교로 42-1 1층
소롯다담,(지번) 망원동 385-44,4.8,6건,,서울 마포구 동교로 69 테바빌딩 1층 101호
소림커피,(지번) 서교동 447-9,4.4,28건,,서울 마포구 월드컵북로5가길 31 1층
소울버튼,(지번) 서교동 411-8,4.8,11건,,서울 마포구 와우산로15길 23 2층
손탁커피 리필스테이션,(지번) 합정동 432-6,5.0,1건,,서울 마포구 동교로 60 화진리버빌 1층 101호
수택,(지번) 서교동 370-32,,,,서울 마포구 홍익로5길 51 2층
숲길 holzwege,(지번) 서교동 477-5,5.0,5건,,서울 마포구 동교로13길 14 대양빌딩 1층
슈크렌느,(지번) 망원동 57-208,,,,서울 마포구 월드컵로11길 80 1층
스몰커피바,(지번) 망원동 338-76,4.2,48건,,서울 마포구 포은로 64 1층
스이츠,(지번) 합정동 396-1,0.0,0건,,서울 마포구 포은로 13 1층
스콘위글,(지번) 합정동 396-14,4.5,8건,,서울 마포구 포은로 11 1층 1호
스타벅스 더여수돌산DT점,,,,editorPick,전남 여수시 돌산읍 돌산로 3549 (돌산읍 우두리)
스타벅스 동교점,(지번) 동교동 205-6,4.1,39건,,서울 마포구 월드컵북로 22 영준빌딩 1층
스타벅스 망원역점,(지번) 서교동 475-13,3.9,68건,,"서울 마포구 월드컵로 74 원천빌딩 1,2층"
스타벅스 상수역점,(지번) 상수동 329-1,4.4,38건,,서울 마포구 독막로 88
스타벅스 서교동사거리점,(지번) 서교동 374-20,4.7,36건,,서울 마포구 양화로 105 동원빌딩 1층
스타벅스 합정메세나몰점,(지번) 서교동 490,4.2,38건,,서울 마포구 양화로 45 메세나폴리스 지하1층 B161-B164호
스타벅스 합정점,(지번) 합정동 472,3.6,33건,,서울 마포구 월드컵로1길 14 딜라이트스퀘어1차 1층 110~112-2호
스타벅스 합정폴리스R점,(지번) 서교동 490,4.4,25건,,서울 마포구 양화로 45 메세나폴리스 지하1층 B189-B193호
스타벅스 합정푸르지오점,(지번) 합정동 473,3.8,13건,,서울 마포구 월드컵로3길 14 딜라이트스퀘어2차 2층
스타벅스 홍대삼거리점,(지번) 상수동 86-22,4.2,41건,,서울 마포구 와우산로 64
스타벅스 홍대역점,(지번) 동교동 159-1,3.3,68건,,서울 마포구 양화로 165 상진빌딩 1층
스타벅스 홍대입구역사거리R점,(지번) 서교동 353-5,4.0,87건,,서울 마포구 양화로 125 경남관광빌딩 1층
스탠스커피,(지번) 상수동 93-111,4.1,90건,editorPick,서울 마포구 와우산로11길 9 1층 101호
스테레오포닉사운드,(지번) 서교동 358-31,4.2,6건,,서울 마포구 와우산로21길 6 동산빌딩 1층
스파티움,(지번) 서교동 451-41,0.0,0건,,서울 마포구 동교로17길 34 sams아트센터 1층
슬릿,(지번) 서교동 364-29,4.5,27건,,서울 마포구 와우산로21길 21-12 서교동H씨빌딩 1층 1호
승승밀크티,(지번) 합정동 438-2,4.7,37건,,서울 마포구 포은로 39 1층 1호
시러피하우스,,,,editorPick,서울 마포구 독막로19길 8-17 상수빌라 1층 (상수동)
시루케이크,(지번) 합정동 355-8,4.3,103건,,서울 마포구 어울마당로1길 18 1층
식물카페화초집,(지번) 합정동 436,5.0,5건,,서울 마포구 월드컵로5길 68
신이도가,(지번) 서교동 367-31,3.4,44건,,서울 마포구 잔다리로 20-12
실루엣커피,(지번) 합정동 358-21,,,,서울 마포구 독막로8길 33-5 1층
심신프리 홍대점,(지번) 서교동 358-9,4.2,21건,,서울 마포구 어울마당로 98-1
싸인이스케이프 홍대점,(지번) 서교동 407-2,4.4,9건,,서울 마포구 와우산로 65 6층
써니데이 인 잔다리,(지번) 서교동 459-13,4.1,12건,,서울 마포구 잔다리로 88 원방빌딩 1층
쏘리에스프레소바,,,,editorPick,서울 종로구 자하문로2길 12 1층 (적선동)
씨네마포,(지번) 서교동 401-14,4.8,49건,,서울 마포구 독막로9길 3-3 1층
씨엘로,(지번) 망원동 398-10,4.7,7건,,서울 마포구 희우정로12길 17 1층
아날로그가든,(지번) 서교동 446-58,4.0,81건,,서울 마포구 동교로 145
아르고보니 서교점,(지번) 서교동 474-13,3.8,12건,,서울 마포구 동교로13길 34
아브르드팡(Arbre de pain),(지번) 망원동 57-371,3.7,6건,,서울 마포구 월드컵로21길 14 1층
아이덴티티커피랩,(지번) 서교동 461-17,4.4,59건,editorPick,서울 마포구 동교로 139 1층
아지트로스터스,(지번) 서교동 468-31,4.1,10건,,서울 마포구 잔다리로 99 1층
아크,(지번) 상수동 90-9,3.4,18건,,서울 마포구 와우산로 55 1층
안녕낯선사람,(지번) 서교동 398-9,4.5,54건,,서울 마포구 어울마당로5길 40 1층
안드로메다,,,,editorPick,강원 강릉시 하슬라로20번길 8 (교동)
알토커피바 합정,(지번) 합정동 398-19,4.3,3건,,서울 마포구 희우정로1길 6-6
앤트러사이트 서교점,(지번) 서교동 475-22,3.6,292건,,서울 마포구 월드컵로12길 11
앤트러사이트 합정점,(지번) 합정동 357-6,3.6,198건,,서울 마포구 토정로5길 10
어니언 안국점,,,,editorPick,서울 종로구 계동길 5 (계동)
어반플랜트 합정,(지번) 합정동 363-28,4.2,365건,,서울 마포구 독막로4길 3 1~3층
언더지,(지번) 망원동 413-38,4.5,6건,,서울 마포구 포은로 72 나무간판 입구 지하1층
언요크커피,(지번) 서교동 482-28,5.0,8건,,서울 마포구 월드컵로8길 49-10 문영빌딩 1층 101호
언제라도여행,(지번) 서교동 377-2,5.0,3건,,서울 마포구 잔다리로 65 2층
얼라이브214,(지번) 망원동 375-8,4.0,21건,,서울 마포구 월드컵로13길 34
얼반스퀘어,(지번) 합정동 355-24,4.0,23건,,서울 마포구 독막로8길 15 1층
에스트에스트에스트,(지번) 망원동 412-50,5.0,14건,,서울 마포구 월드컵로23길 45 1층
에이프릴커피 서울,,,,editorPick,서울 용산구 이태원로54길 19 1층 (한남동)
에포크,(지번) 합정동 413-3,3.9,16건,,서울 마포구 독막로 17-1 미래빌딩 1층
엑스이스케이프 홍대놀이터점,(지번) 서교동 358-123,,,,서울 마포구 와우산로21길 20-5 홍대프라자 3층
엑스케이프 홍대점,(지번) 서교동 369-4,2.9,12건,,서울 마포구 홍익로3길 44 호곡빌딩 7층
엔엘커피,(지번) 합정동 441-4,4.8,17건,,서울 마포구 동교로 28 2층
엠북카페,(지번) 서교동 376-15,5.0,5건,,서울 마포구 잔다리로 62-1 미래의창빌딩 1층
연과점하루,(지번) 서교동 482-44,5.0,7건,,서울 마포구 동교로16길 12 1층
연남살롱,(지번) 연남동 504-33,3.4,86건,,서울 마포구 성미산로 122-1 1층
영앤도터스,,,,editorPick,서울 마포구 마포대로 156 공덕푸르지오시티 1층 107호 (공덕동)
옆구르기,(지번) 합정동 434-22,4.8,19건,,서울 마포구 포은로2길 13 브랜토리움 1층
옐로우벌스데이,(지번) 합정동 361-39,,,,서울 마포구 독막로4길 11 지하1층
오디티,(지번) 서교동 394-20,,,,서울 마포구 양화로6길 21 3층
오랑제뜨21 망원본점,(지번) 망원동 400-2,3.9,12건,,서울 마포구 월드컵로13길 79 1층 101호
오렌지페블,(지번) 망원동 57-275,2.9,25건,,서울 마포구 월드컵로17길 9 2층
"오른(orrrn,오알엔)",,,,editorPick,제주 서귀포시 성산읍 해맞이해안로 2714 (성산읍 오조리)
오리가미클럽,(지번) 합정동 395-1,4.3,32건,,서울 마포구 포은로 27 2층
오마이메이드카페 오마이왕국점,(지번) 서교동 358-115,4.2,5건,,서울 마포구 어울마당로 92 지하1층
오버트 합정점,(지번) 서교동 373-5,4.3,33건,,서울 마포구 잔다리로 43 1층
오베이글하우스,(지번) 합정동 431-21,4.7,20건,,서울 마포구 월드컵로7길 41
오브오,(지번) 서교동 380-33,5.0,1건,,서울 마포구 양화로7안길 42 1층
오아스페이스,(지번) 서교동 463-28,5.0,2건,,서울 마포구 동교로 144 지하1층
오츠커피 마포점,,,,editorPick,서울 마포구 독막로14길 32 지하 1층 (상수동)
오키도키하우스&카페,(지번) 서교동 478-7,0.0,0건,,서울 마포구 동교로 105 1층
오퍼,(지번) 서교동 355-3,3.7,40건,,서울 마포구 홍익로5길 19
오페라빈 에스프레소바 합정점,(지번) 합정동 372-7,4.9,17건,,서울 마포구 독막로2길 22 1층
온어롤,(지번) 망원동 400-19,4.9,7건,,서울 마포구 포은로 86-1 2층
올더어글리쿠키&트레몽,(지번) 합정동 368-36,,,,서울 마포구 토정로 45 1-2층
올라운드커피,(지번) 서교동 386-6,3.0,3건,,서울 마포구 양화로7길 30 1층
올웨이즈어거스트,(지번) 망원동 415-53,4.5,140건,editorPick,서울 마포구 망원로6길 19
와토커피,,,,editorPick,제주 서귀포시 대정읍 동일하모로 238 (대정읍 상모리)
워시타운,(지번) 서교동 478-3,5.0,8건,,서울 마포구 월드컵로10길 48 1층
월페이퍼,(지번) 서교동 466-7,5.0,5건,,서울 마포구 잔다리로 75 1층 101호
위밋데얼,(지번) 서교동 369-36,3.8,9건,,서울 마포구 양화로16길 30 한나빌딩 3층
유스커피,,,,editorPick,제주 제주시 구산로 54 (아라일동)
유주얼하우스,(지번) 서교동 381-13,4.3,20건,,서울 마포구 양화로7길 48 1층
유포테이블카페&마치아소비 홍대점,(지번) 서교동 344-6,3.5,8건,,서울 마포구 와우산로23길 9 칼리오페 2층 205호
으믐,(지번) 성산동 245-15,4.5,37건,,서울 마포구 성미산로 29 1층
은연,(지번) 서교동 395-83,4.3,9건,,서울 마포구 양화로10길 55 지하1층
은코시커피하우스,(지번) 서교동 383-2,4.8,36건,,서울 마포구 동교로12길 36 1층 101호
이고 수플레 합정본점,(지번) 서교동 394-77,4.0,28건,,서울 마포구 양화로8길 32-17 1층
이디야커피 망리단길점,(지번) 망원동 399-5,4.1,7건,,서울 마포구 포은로 81-1 1층
이디야커피 망원역점,(지번) 서교동 441-11,3.4,17건,,서울 마포구 월드컵로 82-1 1층
이디야커피 합정LIG점,(지번) 합정동 392-3,4.4,5건,,서울 마포구 양화로1길 21 1층
이디야커피 합정동점,(지번) 합정동 410-18,3.5,8건,,서울 마포구 양화로6길 90 1층
이디야커피 합정역사거리점,(지번) 합정동 364-27,3.1,11건,,서울 마포구 독막로2길 5 1층
이디야커피 합정홈플러스점,(지번) 서교동 490,4.0,1건,,서울 마포구 양화로 45 지하2층
이리카페,(지번) 상수동 337-4,4.0,81건,,서울 마포구 와우산로3길 27 1층
이뮤베이크샵,(지번) 서교동 396-61,4.4,9건,,서울 마포구 양화로6길 57-13 기단 2층 202호
이미커피,(지번) 동교동 201-10,4.2,148건,,서울 마포구 동교로25길 7 1층
이스케이퍼스 2호점,(지번) 서교동 408-18,3.1,10건,,서울 마포구 와우산로17길 19-24 지하1층
이이알티 망원점,(지번) 망원동 415-33,3.9,117건,,서울 마포구 포은로 105-1 1층
이호커피,(지번) 망원동 394-118,5.0,9건,,서울 마포구 희우정로10길 28 1층 102호
인텔리젠시아 커피 서촌,,,,editorPick,서울 종로구 자하문로 34 1층 (통의동)
인텔리젠시아커피 디스트리뷰터MH,,,,editorPick,서울 강남구 강남대로146길 33 1층 (논현동)
자유인들,(지번) 서교동 360-27,4.6,25건,,"서울 마포구 와우산로22길 34 1,2층"
재미난조각가,(지번) 서교동 358-124,3.0,33건,,서울 마포구 와우산로21길 24 2층
저스티나,(지번) 합정동 379-4,3.9,73건,,서울 마포구 양화진2길 31 1층
제비다방,(지번) 상수동 330-12,4.5,118건,,"서울 마포구 와우산로 24 지하1층, 1층"
젤리샷케이크,(지번) 서교동 442-20,4.1,10건,,서울 마포구 성미산로2길 49 더하우스예당 1층 101호
조양방직,,,,editorPick,인천 강화군 강화읍 향나무길5번길 12 1층 (강화읍 신문리)
조이커피바,,,,editorPick,경기 하남시 미사대로 410 오벨리스크 상가 2층 214호 (빨래방앞) (망월동)
주디마리 홍대점,(지번) 서교동 369-29,4.2,30건,,서울 마포구 홍익로5안길 63 1층
집사의하루 홍대점,(지번) 서교동 364-2,4.2,140건,,서울 마포구 와우산로21길 19-8 태경빌딩 2층
차차,(지번) 망원동 478-9,4.0,14건,,서울 마포구 월드컵로 133 2층
채그로카페,,,,editorPick,서울 마포구 마포대로4다길 31 (마포동)
채비스테이 홍대점 카페20BOON,(지번) 서교동 378-8,5.0,1건,,서울 마포구 양화로 85 1층
충당,(지번) 합정동 388-10,4.7,10건,,서울 마포구 월드컵로3길 31-8 2층
카메라타,,,,editorPick,경기 파주시 탄현면 헤이리마을길 83 (탄현면 법흥리)
카우프로스터스 서교,(지번) 서교동 451-4,4.3,6건,,서울 마포구 월드컵북로5길 56 1층 102호
카페 사운드웨이브,(지번) 서교동 396-29,4.3,4건,,서울 마포구 독막로3길 24 3층
카페 이유,(지번) 서교동 333-37,4.7,3건,,서울 마포구 와우산로29마길 7-8 지하1층
카페 지금여기,(지번) 서교동 369-42,4.0,19건,,서울 마포구 양화로16길 30-5 3층
카페 코그,(지번) 동교동 201-49,5.0,1건,,서울 마포구 동교로 183-12 1층
카페 클로버,(지번) 서교동 394-12,0.0,0건,,서울 마포구 양화로8길 38 서교동빌딩 2층
카페163,(지번) 합정동 392-12,4.4,21건,,서울 마포구 양화로1길 25-3 2층
카페게이트 망원역점,(지번) 망원동 378-11,2.8,8건,,서울 마포구 월드컵로 67 1층
카페공명 연남점,(지번) 동교동 146-8,4.2,322건,,서울 마포구 연희로 11 한국특허정보원빌딩 1층
카페공명 합정점(서울작업실),(지번) 서교동 468-25,4.8,93건,,서울 마포구 잔다리로 99-2 1층
카페공명 홍대점,(지번) 서교동 409-15,4.5,194건,,"서울 마포구 와우산로17길 11-8 1, 2, 3층"
카페공캠,(지번) 서교동 468-3,3.7,3건,,서울 마포구 잔다리로 111 지하1층
카페그랑주,(지번) 서교동 355-2,2.7,48건,,서울 마포구 홍익로5길 13 동신빌딩 지하1층
카페꼬모,(지번) 서교동 364-20,5.0,6건,,서울 마포구 와우산로21길 31-12 1층
카페꼼마 합정점,(지번) 합정동 441-35,3.9,145건,,"서울 마포구 포은로 49 지하1층,1,2,4,5층"
카페데코믹스 홍대점,(지번) 서교동 358-113,3.9,30건,,서울 마포구 어울마당로 96 3층
카페레터,(지번) 서교동 396-3,3.9,14건,,서울 마포구 독막로3길 28-20 1층
카페모모이,(지번) 상수동 312-3,5.0,4건,,서울 마포구 와우산로13길 35 2층 202호
카페몬데이,(지번) 상수동 311-5,5.0,2건,,서울 마포구 독막로15길 13-4 B-세바빌딩 1층
카페미뇽,(지번) 서교동 394-16,3.3,77건,,서울 마포구 양화로6길 35
카페밤비 2호점,(지번) 망원동 57-498,4.8,9건,,서울 마포구 월드컵로21길 18 가동 1층
카페버퍼링,(지번) 서교동 403-2,4.1,7건,,서울 마포구 독막로9길 42 4층
카페보니,(지번) 합정동 363-29,3.3,9건,,서울 마포구 독막로4길 7
카페비비드,(지번) 서교동 396-10,4.3,8건,,서울 마포구 독막로3길 28-18
카페빈,(지번) 서교동 409-9,4.4,14건,,서울 마포구 와우산로15길 24 1-2층
카페산티아고,(지번) 서교동 391-18,4.8,10건,,서울 마포구 양화로7길 6-5 2층
카페서재,(지번) 서교동 464-17,4.0,4건,,서울 마포구 동교로18길 15 1층
카페소공원,(지번) 서교동 397-8,5.0,6건,,서울 마포구 어울마당로5길 52
카페아벨롭,(지번) 서교동 375-2,,,,서울 마포구 양화로15안길 6
카페엠,(지번) 망원동 414-109,4.6,20건,,서울 마포구 포은로6길 27 1층
카페오월일일,(지번) 서교동 475-1,3.6,8건,,서울 마포구 월드컵로14길 28 1층
카페이면,,,,editorPick,제주 제주시 한림읍 금능5길 13 1층 (한림읍 금능리)
카페카운티 홍대점,(지번) 서교동 463-15,3.9,16건,,서울 마포구 동교로 150 대신빌딩 1층
카페카카,(지번) 망원동 416-2,4.2,78건,,서울 마포구 망원로 54-1 1층
카페코드,(지번) 상수동 314-4,3.5,2건,,서울 마포구 독막로15길 3-11 3층
카페쿠키드,(지번) 서교동 400-2,4.6,10건,,서울 마포구 어울마당로5길 25 1층
카페쿡,(지번) 합정동 363-17,5.0,3건,,서울 마포구 독막로6길 6 1층
카페톤,(지번) 성산동 254-18,4.7,79건,,서울 마포구 성미산로1길 26 1층
카페트래블어라운드,(지번) 서교동 395-48,3.0,2건,,서울 마포구 양화로8길 9 우리빌딩 1층
카페파이프,,,,editorPick,서울 동작구 사당로30길 36 1층 (사당동)
카페폴리,(지번) 합정동 393-18,2.7,11건,,서울 마포구 포은로 14 수성빌딩 2층 201호
카페핀드,(지번) 망원동 394-124,4.7,15건,,서울 마포구 동교로 31 2층
카페한,(지번) 합정동 375-4,2.9,21건,,서울 마포구 성지길 32 1층
카페홈즈 합정역점,(지번) 서교동 392-16,4.2,5건,,서울 마포구 양화로 69 1층
카펫,(지번) 망원동 57-12,3.7,61건,,서울 마포구 동교로9길 72 1-2층
칼라스커피 성산점,,,,editorPick,서울 마포구 월드컵북로16길 16 1층 (성산동)
커넥츠커피,(지번) 합정동 376-19,4.4,66건,,서울 마포구 성지길 60 1층
커넥츠커피 망원점,(지번) 망원동 378-6,4.4,42건,,서울 마포구 월드컵로11길 8 1층 105호
커스텀커피 합정점,(지번) 서교동 381-9,4.2,41건,,서울 마포구 월드컵로8길 40 1층
커퍼시티,(지번) 합정동 433-10,4.2,644건,,서울 마포구 동교로 48 1층
커피가게동경,(지번) 망원동 410-1,3.9,184건,editorPick,서울 마포구 망원로6길 21 지하층
커피그래피티,,,,editorPick,서울 영등포구 양평로28다길 3 1층 (양평동6가)
커피기업 합정교보문고점,(지번) 합정동 473,4.5,15건,,서울 마포구 월드컵로3길 14 딜라이트스퀘어2차 지하1층 147~148호
커피나커피너,(지번) 합정동 412-17,5.0,3건,,서울 마포구 양화로6길 62
커피다,(지번) 서교동 384-13,3.0,1건,,서울 마포구 양화로11길 56 영창빌딩 1층
커피더맨,(지번) 합정동 383-16,3.6,7건,,서울 마포구 양화로 25 1층
커피디지 합정점,(지번) 서교동 485-1,4.7,6건,,서울 마포구 동교로12길 13 1층
커피랩스로스터리 합정점,(지번) 서교동 394,3.7,43건,,서울 마포구 양화로6길 27
커피리브레 연남점,,,,editorPick,"서울 마포구 성미산로32길 20-5 1,2층 (연남동)"
커피몽타주,,,,editorPick,서울 강동구 올림픽로48길 23-12 1층 (성내동)
커피볶는 홍소,(지번) 합정동 370-39,4.8,14건,,서울 마포구 성지5길 19 지하1층
커피볶는아침,,,,editorPick,서울 송파구 올림픽로 289 제지하1층 제비121-2호 (신천동)
커피빈 상수역점,(지번) 상수동 143-31,4.6,25건,,서울 마포구 와우산로10길 3 엘케이빌딩 1~3층
커피사피엔스 합정효성해링턴점,(지번) 서교동 494,4.5,6건,,서울 마포구 양화로 72 101동 1층 128호
커피앰비언스,,,,editorPick,서울 송파구 송이로17길 51 (가락동)
커피어웨이크 부산대점,,,,editorPick,부산 금정구 부산대학로63번길 46-4 (장전동)
커피에반하다 마포양화로점 스마트카페,(지번) 서교동 393-5,3.0,2건,,서울 마포구 양화로 59 화승리버스텔 1층
커피찾는남자,,,,editorPick,서울 성동구 성수일로12길 52 성수롯데캐슬 상가동 106호 (성수동2가)
커피탐이나,(지번) 서교동 395-128,3.7,7건,,서울 마포구 잔다리로3안길 31
커피템플,,,,editorPick,제주 제주시 영평길 269 1층 (월평동)
커피투어,,,,editorPick,서울 종로구 경희궁2길 12 (내수동)
커피파인더,,,,editorPick,제주 제주시 서광로32길 20 1층 (이도이동)
커피플레이스,,,,editorPick,경북 경주시 중앙로 18 (노동동)
커피하우스마이샤,(지번) 합정동 433-61,4.9,114건,,서울 마포구 포은로 52 1층
컬러드빈,,,,editorPick,서울 서대문구 연희로11가길 8-8 1층 (연희동)
컴포즈커피 망원시장점,(지번) 망원동 401-12,3.4,5건,,서울 마포구 망원로8길 53 1층 102호
컴포즈커피 망원역점,(지번) 서교동 441-13,4.3,3건,,서울 마포구 월드컵로 84 1층
컴포즈커피 망원우체국사거리점,(지번) 망원동 482-9,4.1,9건,,서울 마포구 월드컵로 111 풍성빌딩 1층
컴포즈커피 합정점,(지번) 합정동 414-16,2.8,19건,,서울 마포구 양화로6길 14 1층
컴포즈커피 홍대동교점,(지번) 동교동 206-14,2.9,16건,,서울 마포구 월드컵북로 12 1-2층
컴포즈커피 홍대서교점,(지번) 서교동 345-17,3.7,6건,,서울 마포구 와우산로23길 41 1층
컴피,(지번) 망원동 385-48,,,,서울 마포구 동교로 71-1 1층
케이트앤케이크,(지번) 서교동 464-65,3.7,9건,,서울 마포구 동교로 142-10 1층
코너커피,(지번) 서교동 383-3,0.0,0건,,서울 마포구 동교로12길 38
코드케이 홍대점,(지번) 상수동 86-22,4.7,10건,,서울 마포구 와우산로 64 3층
코모이도이,(지번) 성산동 245-17,5.0,13건,,서울 마포구 성미산로 31 효원빌딩 1층
코스피어,,,,editorPick,부산 금정구 장전온천천로79번길 4 (장전동)
코야코히,(지번) 서교동 376-7,4.9,13건,,서울 마포구 월드컵북로1길 74 1층
코자요,(지번) 서교동 364-1,4.3,3건,,서울 마포구 와우산로21길 21 2층
코칭심리카페,(지번) 서교동 345-2,3.2,14건,,서울 마포구 어울마당로 118 천마빌딩 6층
코코부코 망원본점,(지번) 망원동 396-29,4.7,40건,,서울 마포구 희우정로 72 1층
콘드,(지번) 합정동 386-33,4.3,33건,,서울 마포구 월드컵로3길 32 2층
콘디스코커피,(지번) 합정동 360-23,5.0,6건,,서울 마포구 독막로8길 38 1층
콘웰,(지번) 망원동 382-14,,,,서울 마포구 월드컵로15길 40 2층
콘크리트엔젤,(지번) 합정동 473,3.0,15건,,서울 마포구 월드컵로3길 14 딜라이트스퀘어2차 1층
콘하스 연남점,(지번) 동교동 147-5,2.8,44건,,서울 마포구 연희로 1-1 1-2층
콜린,(지번) 서교동 403-13,3.9,120건,,"서울 마포구 어울마당로 45 1,2층"
콜바이,(지번) 합정동 372-4,4.8,17건,,서울 마포구 독막로2길 18 1층
콜트 커피바,(지번) 망원동 394-101,4.9,15건,,서울 마포구 동교로 33-3 지하1층
콤파일,(지번) 서교동 466-8,4.1,43건,,"서울 마포구 잔다리로 73 1F, COMPILE"
콤포타블 서교,(지번) 서교동 478-19,4.8,27건,,서울 마포구 동교로 109-7 2층
콩당콩당,,,,editorPick,서울 송파구 올림픽로4길 17 아시아선수촌아파트 C상가 2층 23호 (잠실동)
콩치노 콩크리트,,,,editorPick,경기 파주시 탄현면 새오리로161번길 17 (탄현면 성동리)
쿼츠,,,,editorPick,서울 용산구 한강대로 158 1층 103호 (한강로1가)
퀘스천마크,(지번) 서교동 409-1,4.8,44건,,서울 마포구 와우산로17길 15 3층
퀜치커피,(지번) 서교동 480-12,4.5,193건,,서울 마포구 동교로12안길 9 1층
큐브이스케이프 홍대점,(지번) 서교동 355-17,2.6,41건,,서울 마포구 양화로16길 15 무광빌딩 4층
크림드메,,,,editorPick,서울 은평구 통일로 883 2층 (갈현동)
키로,(지번) 서교동 395-79,0.0,0건,,서울 마포구 독막로7길 49 2층
키싸,(지번) 망원동 409-61,4.0,9건,,서울 마포구 포은로5길 30 1층
키오스크,(지번) 망원동 57-194,4.3,118건,,서울 마포구 월드컵로19길 74 어쩌다가게 2층 204호
키이스케이프 홍대점,(지번) 서교동 408-27,3.2,26건,,서울 마포구 어울마당로 44-1 지하1층
키친205,(지번) 서교동 343-10,,,,서울 마포구 와우산로 101 에스엠빌딩 1층
키헤이커피,,,,editorPick,서울 강남구 봉은사로78길 15 재정빌딩 1층 101호 (삼성동)
타이프 한강점,(지번) 상수동 356-6,3.9,60건,,서울 마포구 토정로 128 서강8경빌딩 5층
탕후르츠,(지번) 서교동 399-9,5.0,1건,,서울 마포구 양화로6길 57-12 지하1층
터틀힙,(지번) 연남동 565-19,4.2,84건,,서울 마포구 연남로1길 44 1층
테라로사 서귀포점,,,,editorPick,제주 서귀포시 칠십리로658번길 27-16 (하효동)
테라로사 홍대서교점,(지번) 서교동 460-25,4.5,22건,editorPick,서울 마포구 월드컵북로5길 41 누디트 홍대 1층
테라커피 합정점,(지번) 서교동 397-5,4.2,5건,,서울 마포구 독막로3길 52 예쁜빌딩 1층 102호
텐퍼센트커피 합정역점,(지번) 서교동 494,3.9,8건,,서울 마포구 양화로 72 효성해링턴타워 1층 109호
템퍼러리,(지번) 합정동 433-50,4.6,5건,,서울 마포구 동교로 44-12 1층
토마스커피,(지번) 합정동 435-25,,,,서울 마포구 양화로1길 75
토치커피 삼성점,,,,editorPick,서울 강남구 봉은사로68길 41 1층 102호 (삼성동)
톨드어스토리,,,,editorPick,대전 서구 갈마역로25번길 31 1층 (갈마동)
투니크 유니버스점,(지번) 서교동 395-157,2.5,14건,,서울 마포구 양화로 78-17
투썸플레이스 망원역점,(지번) 서교동 476-21,2.6,31건,,서울 마포구 월드컵로 62 한림빌딩 1층
투썸플레이스 합정메세나폴리스점,(지번) 서교동 490,2.9,21건,,서울 마포구 양화로 45 지하1층 B166호
투썸플레이스 합정역점,(지번) 합정동 414-3,2.3,79건,,서울 마포구 독막로 5
투썸플레이스 홍대걷고싶은거리점,(지번) 동교동 163-11,3.0,28건,,서울 마포구 어울마당로 109 2-4층
투썸플레이스 홍대서교점,(지번) 서교동 445-4,,,,서울 마포구 월드컵북로 13 스마트빌딩 1-2층
투썸플레이스 홍대예술의거리점,(지번) 서교동 358-58,2.6,14건,,서울 마포구 와우산로21길 36-3 태윤빌딩 2~4층
튜토리얼,(지번) 상수동 310-12,3.5,46건,,서울 마포구 와우산로 39-15
트래블카페샬레,(지번) 서교동 398-11,4.8,14건,,서울 마포구 어울마당로5길 26 1층
트레이프조이드,(지번) 서교동 461-16,4.3,4건,,서울 마포구 동교로 137 1층
트레져스,,,,editorPick,부산 부산진구 동성로49번길 4 1층 (전포동)
티프 합정,(지번) 서교동 384-15,4.5,13건,,서울 마포구 양화로11길 64 1층 티프 합정
파브스커피로스터스,,,,editorPick,서울 은평구 증산로15가길 15 1층 (신사동)
파사도 망원,(지번) 망원동 411-18,3.4,34건,,서울 마포구 포은로6길 9 파사도
파스텔커피웍스 본점,(지번) 합정동 376-9,4.0,63건,editorPick,서울 마포구 성지길 58 노박빌딩 1층
파우스디멘션,(지번) 서교동 395-204,4.0,20건,,서울 마포구 양화로12길 16-12 1층
파이브브루잉,,,,editorPick,서울 서초구 서초대로27길 15 (방배동)
파이오니어커피,,,,editorPick,서울 강동구 올림픽로 572 코오롱2차아파트 1층 110호 (성내동)
파티세리로그,(지번) 합정동 410-10,,,,서울 마포구 양화로6길 86 1층
파티스리 까이에,(지번) 합정동 473,4.6,19건,,서울 마포구 월드컵로3길 14 딜라이트스퀘어2차 1층 105호
판타지트,(지번) 서교동 477-4,5.0,2건,,서울 마포구 월드컵로10길 39 1층
퍼셉션 (Perception),(지번) 합정동 355-2,,,editorPick,서울 마포구 어울마당로1길 16 1층
퍼스널커피,(지번) 망원동 405-32,4.8,31건,,서울 마포구 망원로6길 50 1층
퍼스트펭귄카페,(지번) 서교동 373-3,4.8,17건,,서울 마포구 잔다리로 47
퍼즐팩토리 2호점,(지번) 서교동 366-25,3.8,6건,,서울 마포구 잔다리로2길 17 3층
퍼즐팩토리 홍대본점,(지번) 서교동 358-46,4.0,9건,,서울 마포구 와우산로21길 34 3층
펀스터,,,,editorPick,서울 은평구 증산로3길 8-15 1층 (증산동)
페그로스터스,(지번) 서교동 461-11,4.8,26건,,서울 마포구 동교로 135 1층
페이브먼트,(지번) 망원동 338-51,4.4,21건,,서울 마포구 월드컵로15길 86 1층
페이즈커피,(지번) 서교동 468-22,4.3,4건,,서울 마포구 동교로15길 30 1층
페트롤플레이스,(지번) 망원동 385-39,4.4,45건,,서울 마포구 동교로 67
펠른 하우스,(지번) 연남동 504-50,4.2,62건,,서울 마포구 성미산로22길 18 A동 1층
평형,(지번) 망원동 410-31,4.8,33건,,서울 마포구 포은로5길 6 상가 1층
포도앤커피,(지번) 합정동 394-15,4.9,7건,,서울 마포구 포은로 20 1층
포레스트엠,(지번) 서교동 458-26,4.2,5건,,서울 마포구 잔다리로 110
포비 합정점,(지번) 합정동 426-18,3.7,205건,,서울 마포구 양화로3길 66 1층
포스트노빌즈,(지번) 망원동 397-14,4.6,51건,,서울 마포구 망원로2길 82 1층
포인트나인 홍대점,(지번) 서교동 404-29,4.7,11건,,서울 마포구 독막로7길 40 지하 1층
포트레이트 커피바,(지번) 망원동 414-27,4.4,99건,editorPick,서울 마포구 포은로8길 32 1층
폰트커피,,,,editorPick,서울 용산구 한강대로15길 19-16 1층 (한강로3가)
폰트커피 문래점,,,,editorPick,서울 영등포구 경인로77가길 6 (문래동2가)
폴링디저트,(지번) 서교동 334-3,3.8,12건,,서울 마포구 와우산로29길 39 2층
폴바셋 교보문고합정점,(지번) 합정동 472,4.7,40건,,서울 마포구 월드컵로1길 14 딜라이트스퀘어1차 지하2층
푸글렌 서울,(지번) 상수동 145-4,3.2,40건,editorPick,서울 마포구 와우산로 43 1층
퓸즈 망원점,(지번) 망원동 426-13,4.0,4건,,서울 마포구 포은로 131 쁘띠보네르 1층 101호
프로토콜,,,,editorPick,서울 서대문구 연희로 109 2층 (연희동)
프롬커피바 서교점,(지번) 서교동 400-20,5.0,4건,,서울 마포구 독막로5길 32 1층
프리퍼커피로스터스,,,,editorPick,서울 서초구 반포대로5길 4 1층 (서초동)
프릳츠 도화점,,,,editorPick,서울 마포구 새창로2길 17 (도화동)
피어커피 성수,,,,editorPick,서울 성동구 광나루로4가길 24 (성수동2가)
피에스타7커피 망리단길점,(지번) 망원동 395-19,2.0,4건,,서울 마포구 포은로 69 1층
피오니 홍대점,(지번) 서교동 395-78,3.8,317건,,서울 마포구 독막로7길 51 1층
피피커피,(지번) 망원동 394-75,4.6,78건,,서울 마포구 동교로 23 1층
픽스커피 본점,,,,editorPick,제주 제주시 신설로11길 2 1층 (아라이동)
픽스커피 화북공단점,,,,editorPick,제주 제주시 청풍남8길 55 1층 (화북이동)
필담,(지번) 망원동 384-45,4.1,14건,,서울 마포구 동교로 55 2층
필리커피,,4.1,24건,,"서울 마포구 망원동 517 마포영화블렌하임 상가 1층 121,122호"
핌피,(지번) 합정동 368-6,4.7,38건,,서울 마포구 토정로3안길 2 지하1층
핏크,(지번) 성산동 208-13,3.1,30건,,서울 마포구 성미산로11길 13
하얀공간 합정,(지번) 합정동 376-34,,,,서울 마포구 성지길 40 나동 1-2층
하우스오브바이닐 망원점,(지번) 망원동 405-17,3.9,17건,,서울 마포구 희우정로16길 23
하이럽,(지번) 서교동 404-19,4.5,2건,,서울 마포구 독막로7길 42 2층
하이타운 서울,(지번) 서교동 334-6,4.9,10건,,서울 마포구 와우산로29다길 10 1층 101호
하츠코히,(지번) 성산동 254-30,3.5,19건,,서울 마포구 성미산로1길 32 1층
한강에스프레소,(지번) 망원동 456-27,4.6,98건,,서울 마포구 희우정로 97 1층
할리스 합정역점,(지번) 합정동 374-1,2.4,84건,,서울 마포구 양화로 36 1층
할리스 홍대입구역점,(지번) 동교동 160-1,3.5,53건,,서울 마포구 양화로 151 욱도빌딩 1층
합정 지튼,(지번) 서교동 385-16,,,,서울 마포구 양화로11길 42 1층
합정카페,(지번) 합정동 393-7,4.9,7건,,서울 마포구 월드컵로1길 48 1층
합정티라미수,(지번) 합정동 386-37,3.4,18건,,서울 마포구 양화로3길 55 어반오아시스 지하1층
해머플레이스,(지번) 합정동 355-7,4.7,30건,,서울 마포구 독막로8길 15-9 1층
해브어,(지번) 망원동 57-135,4.8,32건,,서울 마포구 월드컵로17길 38 2층
해피베어데이 상수점,(지번) 상수동 316-2,3.3,3건,,서울 마포구 와우산로13길 49-6 1층
해피베어데이 합정점,(지번) 서교동 395-141,3.3,56건,,서울 마포구 양화로12길 16-6 1층
해피앤딩 방탈출카페,(지번) 서교동 364-28,4.3,3건,,서울 마포구 와우산로21길 31-11 지하1층
핸드앤드샌드,(지번) 서교동 381-11,5.0,7건,,서울 마포구 양화로7길 44-7 1층
허밍벨라,(지번) 서교동 395-199,3.5,57건,,서울 마포구 독막로7길 57 1-2층
허밍벨라 디자이너스점,(지번) 서교동 373-9,3.2,5건,,서울 마포구 양화로 86
헤베커피,,,,editorPick,서울 중구 필동로 32 낙원빌딩 1층 (필동2가)
헤이브,(지번) 합정동 370-2,5.0,13건,,서울 마포구 토정로3길 17 지하1층
헬카페,,,,editorPick,서울 용산구 보광로 76 (보광동)
헬카페 보테가,,,,editorPick,서울 용산구 원효로89길 33 1층 (원효로1가)
호두나무카페,,,,editorPick,경기 하남시 서하남로390번길 96 (춘궁동)
호두커피,(지번) 망원동 425-1,4.8,39건,,서울 마포구 월드컵로29길 51 대성빌딩 1층 A호
호우주의보,,,,editorPick,"서울 용산구 소월로40길 85 1, 2층 (이태원동)"
홈스윗홈,(지번) 서교동 474-1,,,,서울 마포구 월드컵로14길 36 서교빌딩 1층 101호
히드,(지번) 서교동 468-29,4.6,8건,,서울 마포구 동교로15길 24 1층
히떼로스터리,,,,editorPick,부산 부산진구 동성로 59 2층 (전포동)
히치하이킹클럽,(지번) 서교동 401-13,3.0,2건,,서울 마포구 독막로9길 3-4
히카,(지번) 망원동 415-15,4.5,31건,,서울 마포구 망원로 62-1 보아스빌딩 1층
히트커피로스터스 서교점,(지번) 서교동 463-2,4.4,103건,,서울 마포구 동교로 146 1층
힐론카페,,,,editorPick,전남 여수시 안산1길 62 (안산동)
힐링사주,(지번) 서교동 365-4,3.7,3건,,서울 마포구 홍익로3길 7
힙댕,(지번) 망원동 484-5,4.8,13건,,서울 마포구 월드컵로 103 B1
힛미업,(지번) 합정동 412-24,5.0,6건,,서울 마포구 양화로6길 54 4층
